CAD/NON CAD SOFTWARE,System No,Team/Department,User,Laptop Model,`````````````````````````````````````,Processor,Graphics card,RAM,Storage (ROM),Windows Edition,OFFICE 365 Login,Serial # (wmic bios get serialnumber),Device ID #,MAC ID,Old Users,Sequrite Antivirus Installed,Complaints,REMARKS
SOLIDWORK 2023 PROFESSIONAL (perpetual),SPC LT-001,Design,Shashank M T ,LENOVO,DESKTOP-P1BA5FC,INTEL® XEON CPU E3-1505M V5@2.80GHZ 2.81GHZ,"NVIDIA 4GB Quadrop M2000M, Intel HD Integraed Grapghics",16.0 GB ,512 SSD,WINDOW 10 PRO / V.21H2,(SPC-02)shreepadmavathi@shripadcon1.onmicrosoft.com,PC0Q0XWQ,9FBF80A7-9EF7-42EA-9354-4215605D2AD7,54-E1-AD-83-05-16,Ujwal Shetty,Yes,,
ZW CAD 2025 Professional Edition (perpetual),SPC LT-002,Design,Not in Use,HP PRO BOOK 440 G4,DESKTOP-76GQ3BM,INTEL® CORE™ i5-7200U CPU @2.50GHZ 2.71GHZ,Intel Integraed HD Grapghics,8.00 GB,256 SSD + 1 TB HDD,WINDOW 10 PRO ,shripadmavathi24@spclsp.onmicrosoft.com,5CD7320T5Z,02887D46-EAE4-47D2-B554-235D1E660A61,F4-30-B9-A9-A7-FF,Hemanth H,Yes,Battery problem,
No Software,SPC LT-003,IT,Shubham,HP Pro ,DESKTOP-43GQJPS,INTEL® CORE™ i57200U CPU @2.50GHZ 2.71GHZ,Intel Integraed HD Grapghics,8.00 GB,256 SSD + 1 TB HDD,WINDOW 10 PRO / V.21H2,No,5CD7127ZG5,1CD2ED4F-D968-4F49-8C07-B1C01755AC41,3C-52-82-30-F9-E9,Deepak A K,Yes,No Bootable Storage found error during power on,
ZW CAD 2025 Professional Edition (perpetual),SPC LT-004,Design,Nihal,DELL PRECISION 5530,DESKTOP-UA2A9F2,Intel(R) Core(TM) i7-8850H CPU @ 2.60GHz   2.59 GHz,"NVIDIA 4GB Quadro P2000, Intel UHD Integraed Grapghics",16.0 GB ,512 GB SSD,WINDOW 10 PRO / V.22H2,No,J7M0TT2,DCD4991D-1FFA-4882-AC43-2DBA7FF79644,48-F1-7F-F7-3F-E6,Kiran P,Yes,"1. Can not switch on the laptop without charger
2. HDMI port is not working to share the display",
"PTC CREO 9.0 (Annual Subscription),
UG-NX 2008 (Annual Subscription), NX 24121, NX 1973,",SPC LT-005,Design,Training,HP Z BOOK,DESKTOP-2UETUTO,Intel(R) Xeon(R) E-2186M  CPU @ 2.90GHz   2.90 GHz,"NVIDIA 4GB Quadro P2000, Intel UHD Integraed Grapghics",32.0 GB,1 TB SSD,Windows 11 Pro for Workstations / 24H2,(SPC-02)shreepadmavathi@shripadcon1.onmicrosoft.com,5CD9071V8W,5C36CB7D-6590-4E9D-BA40-9FB6D5BE9E7B,B0-0C-D1-5F-13-1B,Rishabh,Yes,"1.Need to restart the PC when we put PC for sleep mode for a while.          
2.Fan sound ",Need to update graphics card driver
SOLIDWORK 2025 PROFESSIONAL (perpetual),SPC LT-006,Design,Srinivas,HP Z BOOK,DESKTOP-LDVV7QI,Intel(R) Xeon(R) E-2186M  CPU @ 2.90GHz   2.90 GHz,"NVIDIA 4GB Quadrop P2000, Intel UHD Integraed Grapghics",32.0 GB,1 TB SSD,Windows 10 Pro for Workstations/ 22H2,(SPC-03) shripadcon@shripadcon.onmicrosoft.com,5CD9071V8Y,2C484B28-C614-434C-8CB6-3065F8CB3462,B0-0C-D1-5F-13-1A,Deepak G M,Yes,,
SOLIDWORK 2022 STANDARD (perpetual),SPC LT-007,IT,Udhav,LENOVO P52,DESKTOP-9O8RH40,Intel(R) Core(TM) i7-8850H CPU @ 2.60GHz   2.59 GHz,"NVIDIA 4GB Quadro P1000, Intel UHD Integraed Grapghics",16.0 GB ,512 GB SSD,WINDOW 10 PRO / V.22H2,No Login,PF13CFMS,8C24D544-D394-4F97-BA07-F1717ACF8058,98-FA-9B-C6-7E-5E,Vinod,Yes,Key Board Not working,Microsoft account login remove
No Software,SPC LT-008,(Inhouse),Not in Use,LENOVO P52,DESKTOP-H4C3HQP,Intel(R) Core(TM) i7-8850H CPU @ 2.60GHz   2.59 GHz,"NVIDIA 4GB Quadro P1000, Intel UHD Integraed Grapghics",16.0 GB ,512 GB SSD,No Login,PF1S4KZY,BF4B6886-42FE-4785-84C0-74720D5684AC,98-FA-9B-60-E8-18,Training,Yes,Mather board issue,,
UG-NX 1973 (perpetual),SPC LT-009,Design,Not in use,LENOVO P50,DESKTOP-PAP94QJ,Intel(R) Xeon(R) CPU E3-1505M v5 @ 2.80GHz   2.81 GHz,"NVIDIA 4GB Quadro M2000M, Intel HD Integraed Grapghics",16.0 GB ,512 GB SSD,WINDOWS 10 PRO / V.22H2,(SPC-03) shripadcon@shripadcon.onmicrosoft.com,PC0Q0XWP,09E09036-A284-48AA-B424-D8CE7E6BCD9F,54-E1-AD-83-04-EF,Varun B,Yes,Key Board and Mic Not working ,
No Software,SPC LT-010,IT,Rakesh,HP PRO BOOK ,DESKTOP-AOE3EVD,Intel(R) Core(TM) i5-7200U CPU @ 2.50GHz   2.71 GHz,Intel UHD Integraed Grapghics,16.0 GB ,256 GB + 1 TB,Windows 10 Pro / V.22H2,,5CD7306569,7D3C9063-8A4E-4BB3-862A-6F0FCE912855,F4-30-B9-A4-3D-2D,Lakshmana,Yes,,
No Software,SPC LT-011,HR,Varalakshmi,HP Elie Book,DESKTOP-9LG7O4Q,Intel®  Core™  i5-6200U CPU @ 2.30GHz   2.40 GHz,Intel HD Integraed Grapghics,16.0 GB ,256 GB + 1TB ,Windows 10 Pro / V.22H2,(SPC-01) shripadcon@outlook.com,5CG6262JGN,AA95FCF2-AE5F-48AB-97F5-BA459E3081FE,EC-8E-B5-A4-A8-DE,"Praphulla,Arpitha",Yes,,(SPC-03) shripadcon@shripadcon.onmicrosoft.com
No Software,SPC LT-012,(Inhouse),Not to Use,DELL,DESKTOP-L3GLASE,Intel®  Core™  i5-5200U CPU @ 2.20GHz   2.20 GHz,,8.00 GB,256 GB,Windows 10 Pro / V.22H2,No,J34CZ32,945E09B6-96CF-44B8-9E76-7B94FA804532,44-A8-42-EF-E5-A4,Ujwal,,Fan Sound,
No Software,SPC LT-013,(Inhouse),Not to Use,DELL,Chaithra,Intel(R) Core(TM) i3-6006U CPU @ 2.00GHz   2.00 GHz,,8.00 GB,1 TB,WINDOW 10 HOME SINGLE LANGUAGE / V.22H2,No,FZG8MJ2,E5AC0D8B-84CB-4C50-AC0C-D98A50718642,10-7D-1A-31-61-0B,Chaithra,,"wifi connection not working, Slow working.",
No Software,SPC LT-014,Manufacturing,Naveen B ,HP ProBook 440 G4,SPCMANF,INTEL® CORE™ i57200U CPU @2.50GHZ 2.71GHZ,Intel HD Integraed Grapghics,8.00 GB,256 GB SSD + 1TB HDD ,Windows 10 Pro / V.22H2,(SPC-01) shripadcon@outlook.com,5CD7320T60,B50EC555-4DF0-45B1-9001-3E13912262CE,F4-30-B9-A9-A8-42,Naneen,Yes,System slow,
No Software,SPC LT-015,(Inhouse),Not to Use,HP,SPCFIX,Intel® Core™  i3-4005U CPU @ 1.70GHz   1.70 GHz,,8.00 GB,,WINDOW 10 PRO / V.21H2,No,CND433339Z,7B9AF0E4-A707-4C09-89C4-CCB5E03661EC,14-58-D0-14-66-D5,Ramesh Sir,,,Given for out sider
No Software,SPC LT-016,(Inhouse),Not to Use,HP,DESKTOP-2KQQJBH,INTEL® CORE™ i7-4800MQ CPU @2.70GHZ 2.70GHZ,,8.00 GB,256 GB + 700 GB,Windows 10 Pro / V.22H2,No,CND3480MHN,C5028E4C-EF1D-4135-AFD6-5C2B00599EE6,A0-48-1C-D3-32-71,Pradeep,,System slow,
No Software,SPC LT-017,Management,Aravind.S.D,HP ProBook 440 G5,DESKTOP-1S5B8AO,INTEL® CORE™ i57200U CPU @ 2.50GHZ 2.71GHZ  ,Intel HD Integraed Grapghics,8.00 GB,,WINDOW 10 PRO ,(SPC-01) shripadcon@outlook.com,,,,Aravind,Yes,,laptop is with arvind sir.
SOLIDWORK 2026 Premium (perpetual),SPC LT-018,Design,Shashank M T ,DELL PRECISION 7540,DESKTOP-HG24SFT,Intel(R) Xeon(R) E-2276M  CPU @ 2.80GHz   2.81 GHz,"NVIDIA 6GB RTX 3000, Intel UHD Integraed Grapghics",32.0 GB,512 GB SSD,Windows 11 Pro for Workstations / 24H2,(SPC-03) shripadcon@shripadcon.onmicrosoft.com,6DH3X33,59740978-51A2-407D-839F-0CD4F70FA445,C0-3E-BA-73-37-26,Varun,Yes,,
No Software,SPC LT-019,ABB (Mahesh Parmar),Parth Ramanuj,DELL,DESKTOP-REQDVPS,Intel(R) Xeon(R) E-2276M  CPU @ 2.80GHz   2.81 GHz,,32.0 GB,512 GB,Windows 10 Pro for Workstations / 22H2,No,HKQZ533,4CAC246C-678E-4B73-A717-7EC755B0BAC7,34-48-ED-57-F4-B7,Nikhil,,,
CAD/NON CAD SOFTWARE,SPC LT-020,(Inhouse),Not to Use,HP EliteBook 840 G2,DESKTOP-GPQFLNR,Intel(R) Core(TM) i5-5300U CPU @ 2.30GHz   2.30 GHz,,Intel HD Integraed Grapghics,8.00 GB,256 SSD + 512 GB SSD,,5CG52102W7,89D5D302-015D-4041-919F-5F0C133C0EDA,48-0F-CF-29-F5-4B,Suchith,,Yes,Battery Backup is less
No Software,SPC LT-021,IT(on site),Not in use,HP,DESKTOP-39PI7O2,Intel(R) Core(TM) i5-7200U CPU @ 2.50GHz   2.71 GHz,Intel HD Integraed Grapghics,8.00 GB,,WINDOWS 11 PRO / V.23H2,shripadmavathi24@spclsp.onmicrosoft.com,5CD7342WV8,7E0E516C-40A1-45BA-AAD9-91232C298116,48-BA-4E-3F-BA-E1,Sohan,No,,Out side
No Software,SPC LT-022,(Inhouse),Not to Use,HP EliteBook 840 G2,DESKTOP-KP48MQS,Intel(R) Core(TM) i5-5300U CPU @ 2.30GHz   2.30 GHz,,8.00 GB,256 GB + 1 TB,WINDOWS 10 PRO / V.22H2,No,5CG5203VVT,CFDACC42-8BAC-4F5B-9925-CB964AF87A8B,48-0F-CF-2A-14-5B,Lokesh Gowda,,"System slow, Battery Backup is less",Need to remove Lokesh account from the local user
No Software,SPC LT-023,(Inhouse),Not to Use,HP EliteBook 840 G2,DESKTOP-48S0DIU,Intel(R) Core(TM) i5-5300U CPU @ 2.30GHz   2.30 GHz,,8.00 GB,256 SSD + 512 GB,WINDOWS 10 PRO / V.22H2,No,5CG5378VGN,B66FD088-C90F-4054-B016-0F5BD85990FD,B0-5A-DA-3D-66-0F,Anand,,System slow,
no cad,SPC LT-024,(Inhouse),Not in use,HP ProBook 440 G4,SPCLT024,Intel(R) Core(TM) i5-7200U CPU @ 2.50GHz   2.71 GHz,,16.0 GB ,256 SSD + 1 TB,WINDOWS 10 PRO / V.22H2,No,5CD7320T5V,,E8-D8-D1-44-F7-24,Hardik Patel,,Screen has been replaced support 1920*1080 resolutions,
No Software,SPC LT-025,(Inhouse),Not in use,HP ProBook 440G4,DESKTOP-06891AS,Intel(R) Core(TM) i5-7200U CPU @ 2.50GHz   2.71 GHz,,8.00 GB,1.2 TB,WINDOWS 10 PRO / V.22H2,No,5CD7320T6D,D360213F-F0FE-45AC-93A5-B044A4B096DE,88-B1-11-23-FC-63,Arpitha,,,
ZW CAD 2025 Professional Edition (perpetual),SPC LT-026,Design,Not in use,HP ProBook 440 G4,DESKTOP-32T7228,Intel(R) Core(TM) i5-7200U CPU @ 2.50GHz   2.71 GHz,Intel HD Integraed Grapghics,8.00 GB,256 SSD + 1 TB HDD,WINDOWS 10 PRO / V.22H2,No,5CD7342WVR,,48-BA-4E-3F-BF-44,Chaithra,Yes,System slow,
No Software,SPC LT-027,Finance,Not in use,HP ProBook 440 G5,DESKTOP-7O14UTD,Intel(R) Core(TM) i5-8250U CPU @ 1.60GHz   1.80 GHz,Intel UHD Integraed Grapghics,16.0 GB ,256 SSD + 1 TB HDD,Windows 11 Pro / 24H2,(SPC-02)shreepadmavathi@shripadcon1.onmicrosoft.com,5CD91703WH,,C4-65-16-B0-D9-38,Shylaja,Yes,Slow System,
"PTC CREO 9.0 (Annual Subscription), 
ZW CAD 2025 Professional Edition (perpetual)",SPC LT-028,Design,Surya,LENOVO P53,DESKTOP-AQVV6H0,Intel(R) Core(TM) i7-9850H CPU @ 2.60GHz   2.59 GHz,"NVIDIA 4GB Quadro P1000, Intel UHD Integraed Grapghics",16.0 GB ,512 GB SSD,Windows 11 Pro / 24H2,shripadmavathi24@spclsp.onmicrosoft.com,PF21EWA9,,F8-75-A4-37-36-82,Shivshankar,Yes,,
,SPC LT-029,Design,Not to Use,LENOVO P53,DESKTOP-GIK2ERS,Intel(R) Core(TM) i7-9850H CPU @ 2.60GHz   2.59 GHz,"NVIDIA 4GB Quadro T1000, Intel UHD Integraed Grapghics",16.0 GB ,512 GB SSD,WINDOWS 10 PRO / V.22H2,No,PF2111SP,,F8-75-A4-45-38-C8,Vinod,Yes,,
No Software,SPC LT-030,HR,Sindhu.P,HP ProBook 440 G5,DESKTOP-K881PB6,Intel(R) Core(TM) i5-7200U CPU @ 2.50GHz   2.71 GHz,Intel HD Integraed Grapghics,16.0 GB ,,WINDOWS 10 PRO / V.22H2,(SPC-01) shripadcon@outlook.com,5CD83661JW,A165A171-7A51-4004-AD91-869B2890E13A,C8-D9-D2-99-5C-8D,ABB,Yes,,Out side
No Software,SPC LT-031,IT (on site),Pravin Suryavanshi,HP EliteBook,DESKTOP-OBB4PMN,Intel(R) Core(TM) i5-5300U CPU @ 2.30GHz   2.30 GHz,Intel HD Integraed Grapghics,8.00 GB,265 SSD +512 GB HDD,WINDOWS 10 PRO / V.22H2,,5CG5322MLQ,,00-FF-D9-C4-D7-9A,Pravin Suryavanshi,No,Speaker and backup,
,SPC LT-032,,,,,,,,,,,,,,,,,
,SPC LT-033,,,,,,,,,,,,,,,,,
,SPC LT-034,,,,,,,,,,,,,,,,,
No Software,SPC LT-035,ABB (Mahesh P),Abhay kumar Sharma,DELL,DESKTOP-DQD59MD,Intel(R) Core(TM) i5-8350U CPU @ 1.70GHz  1.90 GHz,,16.0 GB,512 GB,WINDOWS 10 PRO / V.22H2,No,H994852,A42A1EB5-95FD-4356-98F3-BBEF9B3A1907,E4-B9-7A-73-9E-94,Panchakshri,,,
No Software,SPC LT-036,ABB (Utpal),Shashank Singh,DELL 5400,DESKTOP-DGLU2V8,Intel(R) Core(TM) i5-8350U CPU @ 1.70GHz   1.90 GHz,,16.0 GB,512 GB, Windows 10 Pro,No,FJMY4Q2,02A6836C-EBCB-4C1A-B419-185782CF2F4E,8C-04-BA-3F-B9-97,Visak Jayan,,,Fan&Battery replaced (13/Aug/2025)
No Software,SPC LT-037,ABB (Suprathik),Pritham Kumar saha,DELL,DESKTOP-EBUMRBD,Intel(R) Core(TM) i5-8350U CPU @ 1.70GHz   1.90 GHz,,16.0 GB,512 GB,WINDOWS 10 PRO / V.22H2,No,GMZW7S2,C4A97690-306D-408F-813B-10C68B3F3745,C8-F7-50-39-DE-A9,Maaz,,,
No Software,SPC LT-038,ABB (Naveen B G),Rakesh K H,DELL, DESKTOP-L9MK7AC,Intel(R) Core(TM) i5-8350U CPU @ 1.70GHz   1.90 GHz,,16.0 GB,512 GB,WINDOWS 10 PRO / V.22H2,No,4KZJNF2, 1E07308A-3011-4F5F-A8E6-CB479F84F8E5,D6-3B-04-2B-78-C0,Hemanth H,,,Out side
SOLIDWORK 2022 Standard (perpetual),SPC LT-039,Design,Lokesh Gowda C K,LENOVO P53,DESKTOP-QK09NTI,Intel(R) Core(TM) i7-9850H CPU @ 2.60GHz   2.59 GHz,"NVIDIA 4GB Quadro T1000, Intel UHD Integraed Grapghics",16.0 GB,512 GB SSD,Windows 11 Pro / 23H2,(SPC-03) shripadcon@shripadcon.onmicrosoft.com,PF211ANY,5E032006-3ED3-47BD-A322-E2A92B4D5CCE,98-FA-9B-5F-03-33,Lokesh Gowda,Yes,,
No Software,SPC LT-040,Admin,Suchith,Dell Latitude 7490,,Intel(R) Core(TM) i5-8350U CPU @ 1.70GHz   1.90 GHz,Intel UHD Integraed Grapghics,16.0 GB, 512GB SSD,Windows 11 Pro,(SPC-02)shreepadmavathi@shripadcon1.onmicrosoft.com,,,,,No,,
No Software,SPC LT-041,ABB (Suprathik),Sandwip Modak,DELL Latitude 5490,DESKTOP-PMHS3KL,Intel(R) Core(TM) i5-8350U CPU @ 1.70GHz   1.90 GHz,,16.0 GB,512 GB,WINDOWS 10 PRO / V.22H2,No,9F2WMV2,DC0C5248-77C0-4ACE-B449-F36C1F0A49C4,C8-F7-50-61-A4-0F,ABB ,,,
No Software,SPC LT-042,ABB (utpal),Brijesh,HP ProBook 440 G4,SPCLT42,Intel(R) Core(TM) i5-7200U CPU @ 2.50GHz   2.71 GHz,,16.00 GB,256 SSD + 1 TB,Windows 10 Pro,No,5CD7313VF1,,F4-30-B9-A8-5E-BB,SUDDHASATTWA DAS (ABB),,,"keyboard replaced, screen replaced(19/Aug/2025)"
NO,SPC LT-043,Nuinfo,Nitesh,HP ProBook 440 G4,SPCLT043,Intel(R) Core(TM) i5-7200U CPU @ 2.50GHz 2.71 GHz,,16Gb,256 SSD + 1 TB,Windows 11 Pro,No,5CD7363BYG,48-BA-4E-47-B9-28,48-BA-4E-47-B9-28,Nithin,,We have replaced 1TB hdd from 5CD8095K15 Laptop,Support 1920x1080 Resolution/Battery issue
No Software,SPC LT-044,Manufacturing,Pradeep,HP ProBook 440 G4,,Intel(R) Core(TM) i5-7200U CPU @ 2.50GHz   2.71 GHz,Intel HD Integraed Grapghics,16.0 GB ,256 SSD + 1 TB HDD,Windows 11 ,No,,,,,,,
No Software,SPC LT-045,IT,Udbhav K Shetty,Dell Latitude 7490,DESKTOP-E9TO72Q,Intel(R) Core(TM) i5-8350U CPU @ 1.70GHz   1.90 GHz,Intel UHD Integraed Grapghics,16.0 GB, 512GB SSD,Windows 11 Pro,No Login,6SD15Q2,,10-65-30-6A-95-44,Ujwal Shetty,Yes,,
ZW CAD 2025 Professional Edition (perpetual),SPC LT-046,Design,Samgamesh,,,,,,,,,,,,,,,
,SPC LT-047,,,,,,,,,,,,,,,,,
No Software,SPC LT-048,Project Management,Karthik,Dell Latitude 7490,,Intel(R) Core(TM) i5-8350U CPU @ 1.70GHz   1.90 GHz,Intel UHD Integraed Grapghics,16.0 GB, 512GB SSD,Windows 11 Pro,(SPC-03) shripadcon@shripadcon.onmicrosoft.com,,,,,,,
,SPC LT-049,,,,,,,,,,,,,,,,,
,SPC LT-050,,,,,,,,,,,,,,,,,
Autocad software&MS office 2016,SPC LT-051,ABB (Naveen Sir),Kotresh,Dell Latitude 3400,SPCLT051,Intel(R) Core(TM) i5-8265U CPU @ 1.60GHz   2.30 GHz,,16gb,256gb+1tb,win10,No,BQ5HQT2,,E454E846BEAD,Achyuth,,Noise from laptop ,
No Software,SPC LT-052,(Inhouse),Not to Use,HP EliteBook 840 G2,,Intel(R) Core(TM) i5-5300U CPU @ 2.30GHz   2.30 GHz,,8.00 GB,256 GB,WINDOWS 10 PRO / V.21H2,No,5CG5332KJR,,94-57-A5-B9-66-8E,ABB,,Need To Format,
ZW CAD 2025 Professional Edition (perpetual),SPC LT-053,IT,Ujwal,HP ProBook 440 G10,DESKTOP-T96A2CK,13th Gen Intel(R) Core(TM) i5-1334U (1.30 GHz),Intel(R) UHD Graphics (128 MB),16.0 GB, 512GB SSD,Windows 11 Pro,shripadmavathi24@spclsp.onmicrosoft.com,,,,,,,
Tally Prime,SPC LT-054,Finance,Shylaja,HP ProBook 440 G10,DESKTOP-EEIR4U9,13th Gen Intel(R) Core(TM) i5-1334U (1.30 GHz),Intel(R) UHD Graphics (128 MB),16.0 GB, 512GB SSD,Windows 11 Pro,shripadmavathi24@spclsp.onmicrosoft.com,,,,,,,
ZW CAD 2023 Professional Edition (perpetual),SPC LT-055,Design,Hemanth,,,,,,,,,,,,,,,
,SPC LT-056,,,,,,,,,,,,,,,,,
No Software,SPC LT-057,(Nuinfo),Not in Use,HP ProBook 440 G4,SPCLT057,INTEL® CORE™ i5-7200U CPU @2.50GHZ 2.71GHZ,,8Gb,Tb+256Gb,win11,No,5CD6516L2R,,C8D3FFE0CD3A,Mallikarjun,,"Battery allert message/Fan sound, Keyboard issue",
NO,SPC LT-058,ABB(Supratic ),Sandip,HP probook 440 G5,SPCLT058,INTEL® CORE™ i57200U CPU @ 2.50GHZ 2.71GHZ  ,,8Gb,500Gb+256Gb,Win11,No,5CD83661KX,,C8D9D2995CF7,Asha S,,Plastering the adapter,
NO,SPC LT-059,(Nuinfo),Not in use,HP ProBook 440 G4,SPCLT059,INTEL® CORE™ i5-7200U CPU @2.50GHZ 2.71GHZ,,8Gb,Tb+256Gb,win11,No,5CD7320T6M,,E8D8D144F68A,Abhimanyu Iyer,,Battery issue/HDD issue/Not support 1920*1080/Noram,8Gb Ram &1920*1080 screen we have exchange to SPCLT-44 user Yatish 
,SPC LT-060,,Sachin,Hp probook 440G4,SPCLT060,INTEL® CORE™ i5-7200U CPU @2.50GHZ 2.71GHZ,,8Gb+8GB,256gb+1Tb,Win 11,,5CD7358W7T,,,,,,
,SPC LT-061,,,,,,,,,,,,,,,,,
No Software,SPC LT-062,(Nuinfo),Not in Use,DELL Latitude 5490,,Intel(R) core(TM)i5-8350U CPU @ 1.70GHz 1.90GHz,,16.00 GB,500Gb,WINDOWS 10 PRO / V.22H2,No,DP7R633,,34-48-ED-60-25-62,ABB,,,support 1920*1080
Cad software,SPC LT-063,,KOUSHIK MUDALIYAR,Hp Probook 440G5,SPC LT-063,INTEL® CORE™ i5-7200U CPU @2.50GHZ 2.71GHZ,,16Gb,256Gb,win11,,5CD83661FZ,,B4-B6-86-ea-55-ce,Rakesh,,,resolution 1366*768
No software,SPC LT-064,(Nuinfo),Not in Use,HP 440G4,Hp ,INTEL® CORE™ i5-7200U CPU @2.50GHZ 2.71GHZ,,16Gb,1TB,Win 11 Pro,No,5CD73933H9,,04-0E-3C-A4-73-7A,Abhilash,,,
,SPC LT-065,,,,,,,,,,,,,,,,,
,SPC LT-066,,,,,,,,,,,,,,,,,
No Software,SPC LT-067,(Nuinfo),,HP elitebook 840G2,,INTEL® CORE™ i5-5300U CPU @2.30GHZ 2.30GHZ,,8Gb,256Gb,Win11Pro,No,5CG5523M82,,,,,Inches Damage,
,SPC LT-068,,,,,,,,,,,,,,,,,
,SPC LT-069,,,,,,,,,,,,,,,,,
,SPC LT-070,,,,,,,,,,,,,,,,,
,SPC LT-071,,,,,,,,,,,,,,,,,
,SPC LT-072,,Dinesh,Hp 440G4,Spclt72,Intel(R) Core(TM) i5-7200U CPU @ 2.50GHz   2.71 GHz,,8Gb,256gb+1Tb,win10,No,5CD7320T6L,,,,,,
,SPC LT-073,,,,,,,,,,,,,,,,,
,SPC LT-074,,,,,,,,,,,,,,,,,
,SPC LT-075,(Nuinfo),Not in use,Dell latitude 5490,spclt075,Intel(R) core(TM)i5-8350U CPU @ 1.70GHz 1.90GHz,,16gb,500Gb,windows 10Pro,NO,98S2PQ2,,10653085DA8A,Pritam Saha,,Screen issue,"Screen issue, right key not work"